{
  "meta": {
    "dataset": "gsm8k",
    "seed": 0,
    "block_size": 16,
    "vcd_alpha": 0.5,
    "vcd_beta": 0.1,
    "evaluation_mode": "positive_rollout_with_vcd_shadow",
    "vcd_shadow_num_samples": 1,
    "negative_context_dropout": 0.3,
    "negative_context_noise_std": 0.0
  },
  "reject_events": 5496,
  "positive_hit_rate": 0.0,
  "vcd_hit_rate": 0.13155022263526917,
  "hit_rate_gain": 0.13155022263526917,
  "vcd_shadow_fix_rate": 0.13155022263526917,
  "positive_rescue_prob_est": {
    "mean": 0.161935955286026,
    "median": 0.0
  },
  "vcd_shadow_rescue_prob_est": {
    "mean": 0.1721251755952835,
    "median": 0.0
  },
  "rescue_prob_gain_vcd_minus_positive": {
    "mean": 0.010189228691160679,
    "median": 0.0,
    "p10": -1.0,
    "p90": 1.0,
    "improved_rate": 0.1215429403202329
  },
  "pred_changed_rate": 0.26128092408180237,
  "delta_target_logprob": {
    "mean": -Infinity,
    "median": -0.6831789016723633,
    "p10": -3.3895313892515355e+38,
    "p90": 0.729762852191925,
    "improved_rate": 0.3247816593886463
  },
  "delta_target_rank": {
    "mean": 9.495268821716309,
    "median": 0.0,
    "p10": 0.0,
    "p90": 5.0,
    "improved_rate": 0.3922852983988355
  },
  "reject_cause_indicators": {
    "target_in_candidate_mask_rate": 0.675582230091095,
    "sampled_in_candidate_mask_rate": 1.0,
    "target_is_posterior_argmax_rate": 1.0,
    "posterior_prefers_target_over_sampled_rate": 0.9841703176498413,
    "target_minus_sampled_posterior_logprob": {
      "mean": 13.978045463562012,
      "median": 7.125,
      "p10": 0.6250000596046448,
      "p90": 35.28125
    },
    "sampled_rank_in_posterior": {
      "mean": 2010.93505859375,
      "median": 3.0,
      "p10": 2.0,
      "p90": 1185.0
    },
    "taxonomy_counts": {
      "target_filtered_by_candidate_mask": 1783,
      "no_vcd_effect_positive_wrong": 2537,
      "vcd_shadow_can_fix_reject": 723,
      "vcd_shifted_but_still_wrong": 453
    },
    "taxonomy_rates": {
      "target_filtered_by_candidate_mask": 0.3244177583697234,
      "no_vcd_effect_positive_wrong": 0.461608442503639,
      "vcd_shadow_can_fix_reject": 0.13155021834061134,
      "vcd_shifted_but_still_wrong": 0.0824235807860262
    }
  },
  "confusion": {
    "positive_wrong_vcd_wrong": 4773,
    "positive_wrong_vcd_correct": 723,
    "positive_correct_vcd_wrong": 0,
    "positive_correct_vcd_correct": 0
  }
}