{
  "meta": {
    "dataset": "gsm8k",
    "seed": 0,
    "block_size": 16,
    "vcd_alpha": 0.5,
    "vcd_beta": 0.1,
    "negative_context_dropout": 0.3,
    "negative_context_noise_std": 0.0,
    "max_plot_steps": 5000
  },
  "num_step_records_total": 6074,
  "num_step_records_used": 5000,
  "curve_length": 15,
  "acceptance": {
    "mean_positive_accept_len": 5.3062,
    "mean_negative_accept_len": 0.8314,
    "mean_final_accept_len": 5.2858
  },
  "fractions": {
    "positive_gt_negative": 0.787,
    "final_not_better_than_positive": 0.9732
  },
  "kl": {
    "avg": 2.805892479133606,
    "min": 0.00017070770263671875,
    "max": 18.25
  },
  "mean_prod_curve": {
    "positive": [
      0.8871999979019165,
      0.7498000264167786,
      0.6241999864578247,
      0.5275999903678894,
      0.4480000138282776,
      0.3799999952316284,
      0.32600000500679016,
      0.2802000045776367,
      0.23839999735355377,
      0.20399999618530273,
      0.17479999363422394,
      0.14800000190734863,
      0.125,
      0.10459999740123749,
      0.08839999884366989
    ],
    "negative": [
      0.21899999678134918,
      0.13539999723434448,
      0.10320000350475311,
      0.07940000295639038,
      0.06080000102519989,
      0.04879999905824661,
      0.041200000792741776,
      0.033799998462200165,
      0.027799999341368675,
      0.02280000038444996,
      0.01860000006854534,
      0.013399999588727951,
      0.010599999688565731,
      0.00860000029206276,
      0.00800000037997961
    ],
    "final": [
      0.8871999979019165,
      0.7498000264167786,
      0.6241999864578247,
      0.5275999903678894,
      0.4480000138282776,
      0.3799999952316284,
      0.3199999928474426,
      0.27619999647140503,
      0.23600000143051147,
      0.2029999941587448,
      0.17499999701976776,
      0.147599995136261,
      0.12319999933242798,
      0.10180000215768814,
      0.08619999885559082
    ]
  }
}